"DRIVER_ID","DRIVER_NUMBER","DRIVER_CODE","DRIVER_FORENAME","DRIVER_SURNAME","DRIVER_BIRTHDAY","DRIVER_NATIONALITY"
221,,"","Patrick","Depailler",09/08/44,"French"
222,,"","Jody","Scheckter",29/01/50,"South African"
223,,"","Clay","Regazzoni",05/09/39,"Swiss"
224,,"","Emerson","Fittipaldi",12/12/46,"Brazilian"
225,,"","Dave","Kennedy",15/01/53,"Irish"
226,,"","Stephen","South",19/02/52,"British"
227,,"","Tiff","Needell",29/10/51,"British"
228,,"","Desiré","Wilson",26/11/53,"South African"
229,,"","Harald","Ertl",31/08/48,"Austrian"
230,,"","Vittorio","Brambilla",11/11/37,"Italian"
231,,"","James","Hunt",29/08/47,"British"
232,,"","Arturo","Merzario",11/03/43,"Italian"
233,,"","Hans-Joachim","Stuck",01/01/51,"German"
234,,"","Gianfranco","Brancatelli",18/01/50,"Italian"
235,,"","Jacky","Ickx",01/01/45,"Belgian"
236,,"","Patrick","Gaillard",12/02/52,"French"
237,,"","Alex","Ribeiro",07/11/48,"Brazilian"
238,,"","Ronnie","Peterson",14/02/44,"Swedish"
239,,"","Brett","Lunger",14/11/45,"American"
240,,"","Danny","Ongais",21/05/42,"American"
241,,"","Lamberto","Leoni",24/05/53,"Italian"
242,,"","Divina","Galica",13/08/44,"British"
243,,"","Rolf","Stommelen",11/07/43,"German"
244,,"","Alberto","Colombo",23/02/46,"Italian"
245,,"","Tony","Trimmer",24/01/43,"British"
246,,"","Hans","Binder",12/06/48,"Austrian"
247,,"","Michael","Bleekemolen",02/10/49,"Dutch"
248,,"","Carlo","Franchi",01/01/38,"Italian"
249,,"","Bobby","Rahal",10/01/53,"American"
250,,"","Carlos","Pace",06/10/44,"Brazilian"
251,,"","Ian","Scheckter",22/08/47,"South African"
252,,"","Tom","Pryce",11/06/49,"British"
253,,"","Ingo","Hoffmann",28/02/53,"Brazilian"
254,,"","Renzo","Zorzi",12/12/46,"Italian"
255,,"","Gunnar","Nilsson",20/11/48,"Swedish"
256,,"","Larry","Perkins",18/03/50,"Australian"
257,,"","Boy","Lunger",03/05/49,"Dutch"
258,,"","Patrick","Nève",13/10/49,"Belgian"
259,,"","David","Purley",26/01/45,"British"
260,,"","Conny","Andersson",28/12/39,"Swedish"
261,,"","Bernard","de Dryver",19/09/52,"Belgian"
262,,"","Jackie","Oliver",14/08/42,"British"
263,,"","Mikko","Kozarowitzky",17/05/48,"Finnish"
264,,"","Andy","Sutcliffe",09/05/47,"British"
265,,"","Guy","Edwards",30/12/42,"British"
266,,"","Brian","McGuire",13/12/45,"Australian"
267,,"","Vern","Schuppan",19/03/43,"Australian"
268,,"","Hans","Heyer",16/03/43,"German"
269,,"","Teddy","Pilette",26/07/42,"Belgian"
270,,"","Ian","Ashley",26/10/47,"British"
138,,"","Satoru","Nakajima",23/02/53,"Japanese"
139,,"","Emanuele","Pirro",12/01/62,"Italian"
140,,"","Stefan","Johansson",08/09/56,"Swedish"
141,,"","Julian","Bailey",09/10/61,"British"
142,,"","Pedro","Chaves",27/02/65,"Portuguese"
143,,"","Michael","Bartels",08/03/68,"German"
144,,"","Naoki","Hattori",13/06/66,"Japanese"
145,,"","Alessandro","Nannini",07/07/59,"Italian"
146,,"","Bernd","Schneider",20/07/64,"German"
147,,"","Paolo","Barilla",20/04/61,"Italian"
148,,"","Gregor","Foitek",27/03/65,"Swiss"
149,,"","Claudio","Langes",20/07/60,"Italian"
150,,"","Gary","Brabham",29/03/61,"Australian"
151,,"","Martin","Donnelly",26/03/64,"British"
152,,"","Bruno","Giacomelli",10/09/52,"Italian"
153,,"ALG","Jaime","Alguersuari",23/03/90,"Spanish"
154,8,"GRO","Romain","Grosjean",17/04/86,"French"
155,10,"KOB","Kamui","Kobayashi",13/09/86,"Japanese"
156,,"","Jonathan","Palmer",07/11/56,"British"
157,,"","Christian","Danner",04/04/58,"German"
158,,"","Eddie","Cheever",10/01/58,"American"
159,,"","Luis","Pérez-Sala",15/05/59,"Spanish"
160,,"","Piercarlo","Ghinzani",16/01/52,"Italian"
161,,"","Volker","Weidler",18/03/62,"German"
162,,"","Pierre-Henri","Raphanel",27/05/61,"French"
163,,"","René","Arnoux",04/07/48,"French"
164,,"","Joachim","Winkelhock",24/10/60,"German"
165,,"","Oscar","Larrauri",19/08/54,"Argentine"
166,,"","Philippe","Streiff",26/06/55,"French"
167,,"","Adrián","Campos",17/06/60,"Spanish"
168,,"","Jean-Louis","Schlesser",12/09/48,"French"
169,,"","Pascal","Fabre",09/01/60,"French"
170,,"","Teo","Fabi",09/03/55,"Italian"
171,,"","Franco","Forini",22/09/58,"Swiss"
172,,"","Jacques","Laffite",21/11/43,"French"
173,,"","Elio","de Angelis",26/03/58,"Italian"
174,,"","Johnny","Dumfries",26/04/58,"British"
175,,"","Patrick","Tambay",25/06/49,"French"
176,,"","Marc","Surer",18/09/51,"Swiss"
177,,"","Keke","Rosberg",06/12/48,"Finnish"
178,,"","Alan","Jones",02/11/46,"Australian"
179,,"","Huub","Rothengatter",08/10/54,"Dutch"
180,,"","Allen","Berg",01/08/61,"Canadian"
181,,"","Manfred","Winkelhock",06/10/51,"German"
182,,"","Niki","Lauda",22/02/49,"Austrian"
183,,"","François","Hesnault",30/12/56,"French"
184,,"","Mauro","Baldi",31/01/54,"Italian"
185,,"","Stefan","Bellof",20/11/57,"German"
186,,"","Kenny","Acheson",27/11/57,"British"
187,,"","John","Watson",04/05/46,"British"
188,,"","Johnny","Cecotto",25/01/56,"Venezuelan"
189,,"","Jo","Gartner",24/01/54,"Austrian"
190,,"","Corrado","Fabi",12/04/61,"Italian"
191,,"","Mike","Thackwell",30/03/61,"New Zealander"
192,,"","Chico","Serra",03/02/57,"Brazilian"
193,,"","Danny","Sullivan",09/03/50,"American"
194,,"","Eliseo","Salazar",14/11/54,"Chilean"
195,,"","Roberto","Guerrero",16/11/58,"Colombian"
196,,"","Raul","Boesel",04/12/57,"Brazilian"
197,,"","Jean-Pierre","Jarier",10/07/46,"French"
198,,"","Jacques","Villeneuve Sr.",04/11/53,"Canadian"
199,,"","Carlos","Reutemann",12/04/42,"Argentine"
200,,"","Jochen","Mass",30/09/46,"German"
201,,"","Slim","Borgudd",25/11/46,"Swedish"
202,,"","Didier","Pironi",26/03/52,"French"
203,,"","Gilles","Villeneuve",18/01/50,"Canadian"
204,,"","Riccardo","Paletti",15/06/58,"Italian"
205,,"","Brian","Henton",19/09/46,"British"
206,,"","Derek","Daly",11/03/53,"Irish"
207,,"","Mario","Andretti",28/02/40,"American"
208,,"","Emilio","de Villota",26/07/46,"Spanish"
209,,"","Geoff","Lees",01/05/51,"British"
210,,"","Tommy","Byrne",06/05/58,"Irish"
211,,"","Rupert","Keegan",26/02/55,"British"
212,,"","Hector","Rebaque",05/02/56,"Mexican"
213,,"","Beppe","Gabbiani",02/01/57,"Italian"
214,,"","Kevin","Cogan",31/03/56,"American"
215,,"","Miguel Ángel","Guerra",31/08/53,"Argentine"
216,,"","Siegfried","Stohr",10/10/52,"Italian"
217,,"","Ricardo","Zunino",13/04/49,"Argentine"
218,,"","Ricardo","Londoño",08/08/49,"Colombian"
219,,"","Jean-Pierre","Jabouille",01/10/42,"French"
220,,"","Giorgio","Francia",08/11/47,"Italian"
271,,"","Loris","Kessel",01/04/50,"Swiss"
272,,"","Kunimitsu","Takahashi",29/01/40,"Japanese"
273,,"","Kazuyoshi","Hoshino",01/07/47,"Japanese"
274,,"","Noritake","Takahara",06/06/51,"Japanese"
275,,"","Lella","Lombardi",26/03/41,"Italian"
276,,"","Bob","Evans",11/06/47,"British"
277,,"","Michel","Leclère",18/03/46,"French"
562,,"","Jack","Turner",12/02/20,"American"
563,,"","Chuck","Weyant",03/04/23,"American"
564,,"","Jud","Larson",21/01/23,"American"
565,,"","Mike","Magill",08/02/20,"American"
566,,"","Carroll","Shelby",11/01/23,"American"
567,,"","Fritz","dOrey",25/03/38,"Brazilian"
568,,"","Azdrubal","Fontes",26/12/22,"Uruguayan"
569,,"","Peter","Ashdown",16/10/34,"British"
570,,"","Bill","Moss",04/09/33,"British"
571,,"","Dennis","Taylor",12/06/21,"British"
572,,"","Harry","Blanchard",13/06/29,"American"
573,,"","Alessandro","de Tomaso",10/07/28,"Argentine-Italian"
574,,"","George","Constantine",22/02/18,"American"
575,,"","Bob","Said",05/05/32,"American"
576,,"","Phil","Cade",12/06/16,"American"
577,,"","Luigi","Musso",28/07/24,"Italian"
578,,"","Mike","Hawthorn",10/04/29,"British"
579,,"","Juan","Fangio",24/06/11,"Argentine"
580,,"","Paco","Godia",21/03/21,"Spanish"
581,,"","Peter","Collins",06/11/31,"British"
582,,"","Ken","Kavanagh",12/12/23,"Australian"
583,,"","Gerino","Gerini",10/08/28,"Italian"
584,,"","Bruce","Kessler",23/03/36,"American"
585,,"","Paul","Emery",12/11/16,"British"
586,,"","Luigi","Piotti",27/10/13,"Italian"
587,,"","Bernie","Ecclestone",28/10/30,"British"
588,,"","Luigi","Taramazzo",05/05/32,"Italian"
589,,"","Louis","Chiron",03/08/99,"Monegasque"
590,,"","Stuart","Lewis-Evans",20/04/30,"British"
591,,"","George","Amick",24/10/24,"American"
592,,"","Jimmy","Reece",17/11/29,"American"
593,,"","Johnnie","Parsons",04/07/18,"American"
594,,"","Johnnie","Tolan",22/10/17,"American"
595,,"","Billy","Garrett",24/04/33,"American"
596,,"","Ed","Elisian",09/12/26,"American"
597,,"","Pat","OConnor",09/10/28,"American"
598,,"","Jerry","Unser",15/11/32,"American"
599,,"","Art","Bisch",10/11/26,"American"
600,,"","Christian","Goethals",04/08/28,"Belgian"
601,,"","Dick","Gibson",16/04/18,"British"
602,,"","Robert","La Caze",26/02/17,"French"
603,,"","André","Guelfi",06/05/19,"French"
604,,"","François","Picard",26/04/21,"French"
605,,"","Tom","Bridger",24/06/34,"British"
606,,"","Alfonso","de Portago",11/10/28,"Spanish"
607,,"","Cesare","Perdisa",21/10/32,"Italian"
608,,"","Eugenio","Castellotti",10/10/30,"Italian"
609,,"","André","Simon",05/01/20,"French"
610,,"","Les","Leston",16/12/20,"British"
611,,"","Sam","Hanks",13/07/14,"American"
612,,"","Andy","Linden",05/04/22,"American"
613,,"","Marshall","Teague",22/02/21,"American"
614,,"","Don","Edmunds",23/09/30,"American"
615,,"","Fred","Agabashian",21/08/13,"American"
616,,"","Elmer","George",15/07/28,"American"
617,,"","Mike","MacDowel",13/09/32,"British"
618,,"","Herbert","MacKay-Fraser",23/06/27,"American"
619,,"","Bob","Gerard",19/01/14,"British"
620,,"","Umberto","Maglioli",05/06/28,"Italian"
621,,"","Paul","England",28/03/29,"Australian"
622,,"","Chico","Landi",14/07/07,"Brazilian"
623,,"","Alberto","Uria",11/07/24,"Uruguayan"
624,,"","Hernando","da Silva Ramos",07/12/25,"Brazilian"
625,,"","Élie","Bayol",28/02/14,"French"
626,,"","Robert","Manzon",12/04/17,"French"
627,,"","Louis","Rosier",05/11/05,"French"
628,,"","Bob","Sweikert",20/05/26,"American"
629,,"","Cliff","Griffith",06/02/16,"American"
630,,"","Duke","Dinsmore",10/04/13,"American"
631,,"","Keith","Andrews",15/06/20,"American"
632,,"","Paul","Frère",30/01/17,"Belgian"
633,,"","Luigi","Villoresi",16/05/09,"Italian"
634,,"","Piero","Scotti",11/11/09,"Italian"
635,,"","Colin","Chapman",19/05/28,"British"
636,,"","Desmond","Titterington",01/05/28,"British"
637,,"","Archie","Scott Brown",13/05/27,"British"
638,,"","Ottorino","Volonterio",07/12/17,"Swiss"
639,,"","André","Milhoux",09/12/28,"Belgian"
640,,"","Toulo","de Graffenried",18/05/14,"Swiss"
641,,"","Piero","Taruffi",12/10/06,"Italian"
642,,"","Nino","Farina",30/10/06,"Italian"
643,,"","Roberto","Mieres",03/12/24,"Argentine"
644,,"","Sergio","Mantovani",22/05/29,"Italian"
645,,"","Clemar","Bucci",04/09/20,"Argentine"
646,,"","Jesús","Iglesias",22/02/22,"Argentine"
647,,"","Alberto","Ascari",13/07/18,"Italian"
648,,"","Karl","Kling",16/09/10,"German"
649,,"","Pablo","Birger",07/01/24,"Argentine"
650,,"","Jacques","Pollet",02/07/22,"French"
651,,"","Lance","Macklin",02/09/19,"British"
652,,"","Ted","Whiteaway",01/11/28,"British"
653,,"","Jimmy","Davies",08/08/29,"American"
654,,"","Walt","Faulkner",16/02/20,"American"
655,,"","Cal","Niday",29/04/14,"American"
656,,"","Art","Cross",24/01/18,"American"
657,,"","Bill","Vukovich",13/12/18,"American"
658,,"","Jack","McGrath",08/10/19,"American"
659,,"","Jerry","Hoyt",29/01/29,"American"
660,,"","Johnny","Claes",11/08/16,"Belgian"
661,,"","Peter","Walker",07/10/12,"British"
662,,"","Mike","Sparken",16/06/30,"French"
663,,"","Ken","Wharton",21/03/16,"British"
664,,"","Kenneth","McAlpine",21/09/20,"British"
665,,"","Leslie","Marr",14/08/22,"British"
666,,"","Tony","Rolt",16/10/18,"British"
667,,"","John","Fitch",04/08/17,"American"
668,,"","Jean","Lucas",25/04/17,"French"
669,,"","Prince","Bira",15/07/14,"Thai"
670,,"","Onofre","Marimón",19/12/23,"Argentine"
671,,"","Roger","Loyer",05/08/07,"French"
672,,"","Jorge","Daponte",05/06/23,"Argentine"
673,,"","Mike","Nazaruk",02/10/21,"American"
674,,"","Larry","Crockett",23/10/26,"American"
675,,"","Manny","Ayulo",20/10/21,"American"
676,,"","Frank","Armi",12/10/18,"American"
677,,"","Travis","Webb",08/10/10,"American"
678,,"","Len","Duncan",25/07/11,"American"
679,,"","Ernie","McCoy",19/02/21,"American"
680,,"","Jacques","Swaters",30/10/26,"American"
681,,"","Georges","Berger",14/09/18,"Belgian"
682,,"","Don","Beauman",26/07/28,"British"
683,,"","Leslie","Thorne",23/06/16,"British"
684,,"","Bill","Whitehouse",01/04/09,"British"
685,,"","John","Riseley-Prichard",17/01/24,"British"
686,,"","Reg","Parnell",02/07/11,"British"
687,,"","Peter","Whitehead",12/11/14,"British"
688,,"","Eric","Brandon",18/07/20,"British"
689,,"","Alan","Brown",20/11/19,"British"
690,,"","Rodney","Nuckey",26/06/29,"British"
691,,"","Hermann","Lang",06/04/09,"German"
692,,"","Theo","Helfrich",13/05/13,"German"
693,,"","Fred","Wacker",10/07/18,"American"
694,,"","Giovanni","de Riu",10/03/25,"Italian"
695,,"","Oscar","Gálvez",17/08/13,"Argentine"
696,,"","John","Barber",22/07/29,"British"
697,,"","Felice","Bonetto",09/06/03,"Italian"
698,,"","Adolfo","Cruz",28/06/23,"Argentine"
699,,"","Duke","Nalon",02/03/13,"American"
700,,"","Carl","Scarborough",03/07/14,"American"
701,,"","Bill","Holland",18/12/07,"American"
702,,"","Bob","Scott",04/10/28,"American"
703,,"","Arthur","Legat",01/11/98,"Belgian"
364,,"","Dan","Gurney",13/04/31,"American"
365,,"","Hubert","Hahne",28/03/35,"German"
366,,"","Gus","Hutchison",26/04/37,"American"
367,,"","Peter","Westbury",26/05/38,"British"
368,,"","Sam","Tingle",24/08/21,"Rhodesian"
369,,"","Basil","van Rooyen",19/04/39,"South African"
370,,"","Richard","Attwood",04/04/40,"British"
371,,"","Al","Pease",15/10/21,"Canadian"
372,,"","John","Cordts",23/07/35,"Canadian"
373,,"","Jim","Clark",04/03/36,"British"
374,,"","Mike","Spence",30/12/36,"British"
375,,"","Ludovico","Scarfiotti",18/10/33,"Italian"
376,,"BIA","Lucien","Bianchi",10/11/34,"Belgian"
377,,"","Jo","Schlesser",18/05/28,"French"
378,,"","Robin","Widdows",27/05/42,"British"
379,,"","Kurt","Ahrens",19/04/40,"German"
380,,"","Frank","Gardner",01/10/30,"Australian"
381,,"","Bobby","Unser",20/02/34,"American"
382,,"","Moisés","Solana",26/12/35,"Mexican"
383,,"","Bob","Anderson",19/05/31,"British"
384,,"","Luki","Botha",16/01/30,"South African"
385,,"","Lorenzo","Bandini",21/12/35,"Italian"
386,,"","Richie","Ginther",05/08/30,"American"
387,,"","Mike","Parkes",24/09/31,"British"
388,,"","Chris","Irwin",27/06/42,"British"
389,,"","Guy","Ligier",12/07/30,"French"
390,,"","Alan","Rees",12/01/38,"British"
391,,"","Brian","Hart",07/09/36,"British"
392,,"","Mike","Fisher",13/03/43,"American"
393,,"","Tom","Jones",26/04/43,"American"
394,,"","Giancarlo","Baghetti",25/12/34,"Italian"
395,,"","Jonathan","Williams",26/10/42,"British"
396,,"","Bob","Bondurant",27/04/33,"American"
397,,"","Peter","Arundell",08/11/33,"British"
398,,"","Vic","Wilson",14/04/31,"British"
399,,"","John","Taylor",23/03/33,"British"
400,,"","Chris","Lawrence",27/07/33,"British"
401,,"","Trevor","Taylor",26/12/36,"British"
402,,"","Giacomo","Russo",23/10/37,"Italian"
403,,"","Phil","Hill",20/04/27,"American"
404,,"","Innes","Ireland",12/06/30,"British"
405,,"","Ronnie","Bucknum",05/04/36,"American"
406,,"","Paul","Hawkins",12/10/37,"Australian"
407,,"","David","Prophet",09/10/37,"British"
408,,"","Tony","Maggs",09/02/37,"South African"
409,,"","Trevor","Blokdyk",30/11/35,"South African"
410,,"","Neville","Lederle",25/09/38,"South African"
411,,"","Doug","Serrurier",09/12/20,"South African"
412,,"","Brausch","Niemann",07/01/39,"South African"
413,,"","Ernie","Pieterse",04/07/38,"South African"
278,,"","Chris","Amon",20/07/43,"New Zealander"
279,,"","Emilio","Zapico",27/05/44,"Spanish"
280,,"","Henri","Pescarolo",25/09/42,"French"
281,,"","Jac","Nelleman",19/04/44,"Danish"
282,,"","Damien","Magee",17/11/45,"British"
283,,"","Mike","Wilds",07/01/46,"British"
284,,"","Alessandro","Pesenti-Rossi",31/08/42,"Italian"
285,,"","Otto","Stuppacher",03/03/47,"Austrian"
286,,"","Warwick","Brown",24/12/49,"Australian"
287,,"","Masahiro","Hasemi",13/11/45,"Japanese"
288,,"","Mark","Donohue",18/03/37,"American"
289,,"","Graham","Hill",15/02/29,"British"
290,,"","Wilson","Fittipaldi",25/12/43,"Brazilian"
291,,"","Guy","Tunmer",01/12/48,"South African"
292,,"","Eddie","Keizan",12/09/44,"South African"
293,,"","Dave","Charlton",27/10/36,"South African"
294,,"","Tony","Brise",28/03/52,"British"
295,,"","Roelof","Wunderink",12/12/48,"Dutch"
296,,"","François","Migault",04/12/44,"French"
297,,"","Torsten","Palm",23/07/47,"Swedish"
298,,"","Gijs","van Lennep",16/03/42,"Dutch"
299,,"","Hiroshi","Fushida",10/03/46,"Japanese"
300,,"","John","Nicholson",06/10/41,"New Zealander"
301,,"","Dave","Morgan",07/08/44,"British"
302,,"","Jim","Crawford",13/02/48,"British"
303,,"","Jo","Vonlanthen",31/05/42,"Swiss"
304,,"","Denny","Hulme",18/06/36,"New Zealander"
305,,"","Mike","Hailwood",02/04/40,"British"
306,,"","Jean-Pierre","Beltoise",26/04/37,"French"
307,,"","Howden","Ganley",24/12/41,"New Zealander"
308,,"","Richard","Robarts",22/09/44,"British"
309,,"","Peter","Revson",27/02/39,"American"
310,,"","Paddy","Driver",13/05/34,"South African"
311,,"","Tom","Belsø",27/08/42,"Danish"
312,,"","Brian","Redman",09/03/37,"British"
313,,"","Rikky","von Opel",14/10/47,"Liechtensteiner"
314,,"","Tim","Schenken",26/09/43,"Australian"
315,,"","Gérard","Larrousse",23/05/40,"French"
316,,"","Leo","Kinnunen",05/08/43,"Finnish"
317,,"","Reine","Wisell",30/09/41,"Swedish"
318,,"","Bertil","Roos",12/10/43,"Swedish"
319,,"","José","Dolhem",26/04/44,"French"
320,,"","Peter","Gethin",21/02/40,"British"
321,,"","Derek","Bell",31/10/41,"British"
322,,"","David","Hobbs",09/06/39,"British"
323,,"","Dieter","Quester",30/05/39,"Austrian"
324,,"","Helmuth","Koinigg",03/11/48,"Austrian"
325,,"","Carlo","Facetti",26/06/35,"Italian"
326,,"","Eppie","Wietzes",28/05/38,"Canadian"
327,,"","François","Cevert",25/02/44,"French"
328,,"","Jackie","Stewart",11/06/39,"British"
329,,"","Mike","Beuttler",13/04/40,"British"
330,,"","Nanni","Galli",02/10/40,"Italian"
331,,"","Luiz","Bueno",16/01/37,"Brazilian"
332,,"","George","Follmer",27/01/34,"American"
333,,"","Andrea","de Adamich",03/10/41,"Italian"
334,,"","Jackie","Pretorius",22/11/34,"South African"
335,,"","Roger","Williamson",02/02/48,"British"
336,,"","Graham","McRae",05/03/40,"New Zealander"
337,,"","Helmut","Marko",27/04/43,"Austrian"
338,,"","David","Walker",10/06/41,"Australian"
339,,"","Alex","Soler-Roig",29/10/32,"Spanish"
340,,"","John","Love",07/12/24,"Rhodesian"
341,,"","John","Surtees",11/02/34,"British"
342,,"","Skip","Barber",16/11/36,"American"
343,,"","Bill","Brack",26/12/35,"Canadian"
344,,"","Sam","Posey",26/05/44,"American"
345,,"","Pedro","Rodríguez",18/01/40,"Mexican"
346,,"","Jo","Siffert",07/07/36,"Swiss"
347,,"","Jo","Bonnier",31/01/30,"Swedish"
348,,"","François","Mazet",24/02/43,"French"
349,,"","Max","Jean",27/07/43,"French"
350,,"","Vic","Elford",10/06/35,"British"
351,,"","Silvio","Moser",24/04/41,"Swiss"
352,,"","George","Eaton",12/11/45,"Canadian"
353,,"","Pete","Lovely",11/04/26,"American"
354,,"","Chris","Craft",17/11/39,"British"
355,,"","John","Cannon",21/06/33,"Canadian"
356,,"","Jack","Brabham",02/04/26,"Australian"
357,,"","John","Miles",14/06/43,"British"
358,,"","Jochen","Rindt",18/04/42,"Austrian"
359,,"","Johnny","Servoz-Gavin",18/01/42,"French"
360,,"","Bruce","McLaren",30/08/37,"New Zealander"
361,,"","Piers","Courage",27/05/42,"British"
362,,"","Peter","de Klerk",16/03/35,"South African"
363,,"","Ignazio","Giunti",30/08/41,"Italian"
414,,"","Clive","Puzey",11/07/41,"Rhodesian"
415,,"","Ray","Reed",30/04/32,"South African"
416,,"","David","Clapham",18/05/31,"South African"
417,,"","Alex","Blignaut",30/11/32,"South African"
418,,"","Masten","Gregory",29/02/32,"American"
419,,"","John","Rhodes",18/08/27,"British"
420,,"","Ian","Raby",22/09/21,"British"
421,,"","Alan","Rollinson",15/05/43,"British"
422,,"","Brian","Gubby",17/04/34,"British"
423,,"","Gerhard","Mitter",30/08/35,"German"
424,,"","Roberto","Bussinello",04/10/27,"Italian"
425,,"","Nino","Vaccarella",04/03/33,"Italian"
426,,"","Giorgio","Bassi",20/01/34,"Italian"
427,,"","Maurice","Trintignant",30/10/17,"French"
428,,"","Bernard","Collomb",07/10/30,"French"
429,,"","André","Pilette",06/10/18,"Belgian"
430,,"","Carel Godin","de Beaufort",10/04/34,"Dutch"
431,,"","Edgar","Barth",26/01/17,"German"
432,,"","Mário de Araújo","Cabral",15/01/34,"Portuguese"
433,,"","Walt","Hansgen",28/10/19,"American"
434,,"","Hap","Sharp",01/01/28,"American"
435,,"","Willy","Mairesse",01/10/28,"Belgian"
436,,"","John","Campbell-Jones",21/01/30,"British"
437,,"","Ian","Burgess",06/07/30,"British"
438,,"","Tony","Settember",10/07/26,"American"
439,,"","Nasif","Estéfano",18/11/32,"Argentine"
440,,"","Jim","Hall",23/07/35,"American"
441,,"","Tim","Parnell",25/06/32,"British"
442,,"","Kurt","Kuhnke",30/04/10,"German"
443,,"","Ernesto","Brambilla",31/01/34,"Italian"
444,,"","Roberto","Lippi",17/10/26,"Italian"
445,,"","Günther","Seiffert",18/10/37,"German"
446,,"","Carlo","Abate",10/07/32,"Italian"
447,,"","Gaetano","Starrabba",03/12/32,"Italian"
448,,"","Peter","Broeker",15/05/26,"Canadian"
449,,"","Rodger","Ward",10/01/21,"American"
450,,"","Ernie","de Vos",01/07/41,"Dutch"
451,,"","Frank","Dochnal",08/10/20,"American"
452,,"","Thomas","Monarch",03/09/45,"American"
842,10,"GAS","Pierre","Gasly",07/02/96,"French"
453,,"","Jackie","Lewis",01/11/36,"British"
454,,"","Ricardo","Rodríguez",14/02/42,"Mexican"
455,,"","Wolfgang","Seidel",04/07/26,"German"
456,,"","Roy","Salvadori",12/05/22,"British"
457,,"","Ben","Pon",09/12/36,"Dutch"
458,,"","Rob","Slotemaker",13/06/29,"Dutch"
459,,"","Tony","Marsh",20/07/31,"British"
460,,"","Gerry","Ashmore",25/07/36,"British"
461,,"","Heinz","Schiller",25/01/30,"Swiss"
462,,"","Colin","Davis",29/07/33,"British"
463,,"","Jay","Chamberlain",29/12/25,"American"
464,,"","Tony","Shelly",02/02/37,"New Zealander"
465,,"","Keith","Greene",05/01/38,"British"
466,,"","Heini","Walter",28/07/27,"Swiss"
467,,"","Ernesto","Prinoth",15/04/23,"Italian"
468,,"","Roger","Penske",20/02/37,"American"
469,,"","Rob","Schroeder",11/05/26,"British"
470,,"","Timmy","Mayer",22/02/38,"American"
471,,"","Bruce","Johnstone",30/01/37,"South African"
472,,"","Mike","Harris",25/05/39,"South African"
473,,"","Gary","Hocking",30/09/37,"Rhodesian"
474,,"","Syd","van der Vyver",01/06/20,"South African"
475,,"","Stirling","Moss",17/09/29,"British"
476,,"","Wolfgang","von Trips",04/05/28,"German"
477,,"","Cliff","Allison",08/02/32,"British"
478,,"","Hans","Herrmann",23/02/28,"German"
479,,"","Tony","Brooks",25/02/32,"British"
480,,"","Michael","May",18/08/34,"Swiss"
481,,"","Henry","Taylor",16/12/32,"British"
482,,"","Olivier","Gendebien",12/01/24,"Belgian"
483,,"","Giorgio","Scarlatti",02/10/21,"Italian"
484,,"","Brian","Naylor",24/03/23,"British"
485,,"","Juan Manuel","Bordeu",28/01/34,"Argentine"
486,,"","Jack","Fairman",15/03/13,"British"
487,,"","Massimo","Natili",28/07/35,"Italian"
488,,"","Peter","Monteverdi",07/06/34,"Swiss"
489,,"","Renato","Pirocchi",26/03/33,"Italian"
490,,"","Geoff","Duke",29/03/23,"British"
491,,"","Alfonso","Thiele",05/04/20,"American-Italian"
492,,"","Menato","Boffa",04/01/30,"Italian"
493,,"","Peter","Ryan",10/06/40,"Canadian"
494,,"","Lloyd","Ruby",12/01/28,"American"
495,,"","Ken","Miles",01/11/18,"British"
496,,"","Carlos","Menditeguy",10/08/14,"Argentine"
497,,"","Alberto Rodriguez","Larreta",14/01/34,"Argentine"
498,,"","José Froilán","González",05/10/22,"Argentine"
499,,"","Roberto","Bonomi",30/09/19,"Argentine"
500,,"","Gino","Munaron",02/04/28,"Italian"
501,,"","Harry","Schell",29/06/21,"American"
502,,"","Alan","Stacey",29/08/33,"British"
503,,"","Ettore","Chimeri",04/06/21,"Venezuelan"
504,,"","Antonio","Creus",28/10/24,"Spanish"
505,,"","Chris","Bristow",02/12/37,"British"
506,,"","Bruce","Halford",18/05/31,"British"
507,,"","Chuck","Daigh",29/11/23,"American"
508,,"","Lance","Reventlow",24/02/36,"American"
509,,"","Jim","Rathmann",16/07/28,"American"
510,,"","Paul","Goldsmith",02/10/25,"American"
511,,"","Don","Branson",02/06/20,"American"
512,,"","Johnny","Thomson",09/04/22,"American"
513,,"","Eddie","Johnson",10/02/19,"American"
514,,"","Bob","Veith",01/11/26,"American"
515,,"","Bud","Tingelstad",04/04/28,"American"
516,,"","Bob","Christie",04/04/24,"American"
517,,"","Red","Amick",19/01/29,"American"
518,,"","Duane","Carter",05/05/13,"American"
519,,"","Bill","Homeier",31/08/18,"American"
520,,"","Gene","Hartley",28/01/26,"American"
521,,"","Chuck","Stevenson",15/10/19,"American"
522,,"","Bobby","Grim",04/09/24,"American"
523,,"","Shorty","Templeman",12/08/19,"American"
524,,"","Jim","Hurtubise",05/12/32,"American"
525,,"","Jimmy","Bryan",28/01/26,"American"
526,,"","Troy","Ruttman",11/03/30,"American"
527,,"","Eddie","Sachs",28/05/27,"American"
528,,"","Don","Freeland",25/03/25,"American"
529,,"","Tony","Bettenhausen",12/09/16,"American"
530,,"","Wayne","Weiler",09/12/34,"American"
531,,"","Anthony","Foyt",16/01/35,"American"
532,,"","Eddie","Russo",19/11/25,"American"
533,,"","Johnny","Boyd",19/08/26,"American"
534,,"","Gene","Force",15/06/16,"American"
535,,"","Jim","McWithey",04/07/27,"American"
536,,"","Len","Sutton",09/08/25,"American"
537,,"","Dick","Rathmann",06/01/24,"American"
538,,"","Al","Herman",15/03/27,"American"
539,,"","Dempsey","Wilson",11/03/27,"American"
540,,"","Mike","Taylor",24/04/34,"British"
541,,"","Ron","Flockhart",16/06/23,"British"
542,,"","David","Piper",02/12/30,"British"
543,,"","Giulio","Cabianca",19/02/23,"Italian"
544,,"","Piero","Drogo",08/08/26,"Italian"
545,,"","Fred","Gamble",17/03/32,"American"
546,,"","Arthur","Owen",23/03/15,"British"
547,,"","Horace","Gould",20/09/18,"British"
548,,"","Bob","Drake",14/12/19,"American"
549,,"","Ivor","Bueb",06/06/23,"British"
550,,"","Alain","de Changy",05/02/22,"Belgian"
551,,"","Maria","de Filippis",11/11/26,"Italian"
552,,"","Jean","Lucienbonnet",07/01/23,"French"
553,,"","André","Testut",13/04/26,"Monegasque"
554,,"","Jean","Behra",16/02/21,"French"
555,,"","Paul","Russo",10/04/14,"American"
556,,"","Jimmy","Daywalt",28/08/24,"American"
557,,"","Chuck","Arnold",30/05/26,"American"
558,,"","Al","Keller",11/04/20,"American"
559,,"","Pat","Flaherty",06/01/26,"American"
560,,"","Bill","Cheesbourg",12/06/27,"American"
561,,"","Ray","Crawford",26/10/15,"American"
84,,"","Martin","Brundle",01/06/59,"British"
85,,"","Andrea","Montermini",30/05/64,"Italian"
86,,"","Giovanni","Lavaggi",18/02/58,"Italian"
87,,"","Mark","Blundell",08/04/66,"British"
88,,"","Aguri","Suzuki",08/09/60,"Japanese"
89,,"","Taki","Inoue",05/09/63,"Japanese"
90,,"","Roberto","Moreno",11/02/59,"Brazilian"
91,,"","Karl","Wendlinger",20/12/68,"Austrian"
92,,"","Bertrand","Gachot",23/12/62,"Belgian"
93,,"","Domenico","Schiattarella",17/11/67,"Italian"
94,,"","Pierluigi","Martini",23/04/61,"Italian"
95,,"","Nigel","Mansell",08/08/53,"British"
96,,"","Jean-Christophe","Boullion",27/12/69,"French"
97,,"","Massimiliano","Papis",03/10/69,"Italian"
98,,"","Jean-Denis","Délétraz",01/10/63,"Swiss"
99,,"","Gabriele","Tarquini",02/03/62,"Italian"
100,,"","Érik","Comas",28/09/63,"French"
101,,"","David","Brabham",05/09/65,"Australian"
102,,"","Ayrton","Senna",21/03/60,"Brazilian"
103,,"","Éric","Bernard",24/08/64,"French"
104,,"","Christian","Fittipaldi",18/01/71,"Brazilian"
105,,"","Michele","Alboreto",23/12/56,"Italian"
106,,"","Olivier","Beretta",23/11/69,"Monegasque"
107,,"","Roland","Ratzenberger",04/07/60,"Austrian"
108,,"","Paul","Belmondo",23/04/63,"French"
109,,"","Jyrki","Järvilehto",31/01/66,"Finnish"
110,,"","Andrea","de Cesaris",31/05/59,"Italian"
111,,"","Jean-Marc","Gounon",01/01/63,"French"
112,,"","Philippe","Alliot",27/07/54,"French"
113,,"","Philippe","Adams",19/11/69,"Belgian"
114,,"","Yannick","Dalmas",28/07/61,"French"
115,,"","Hideki","Noda",07/03/69,"Japanese"
116,,"","Franck","Lagorce",01/09/68,"French"
117,,"","Alain","Prost",24/02/55,"French"
118,,"","Derek","Warwick",27/08/54,"British"
119,,"","Riccardo","Patrese",17/04/54,"Italian"
120,,"","Fabrizio","Barbazza",02/04/63,"Italian"
121,,"","Michael","Andretti",05/10/62,"American"
122,,"","Ivan","Capelli",24/05/63,"Italian"
123,,"","Thierry","Boutsen",13/07/57,"Belgian"
124,,"","Marco","Apicella",07/10/65,"Italian"
125,,"","Emanuele","Naspetti",24/02/68,"Italian"
126,,"","Toshio","Suzuki",10/03/55,"Japanese"
127,,"","Maurício","Gugelmin",20/04/63,"Brazilian"
128,,"","Eric","van de Poele",30/09/61,"Belgian"
129,,"","Olivier","Grouillard",02/09/58,"French"
130,,"","Andrea","Chiesa",06/05/64,"Swiss"
131,,"","Stefano","Modena",12/05/63,"Italian"
132,,"","Giovanna","Amati",20/07/59,"Italian"
133,,"","Alex","Caffi",18/03/64,"Italian"
1,44,"HAM","Lewis","Hamilton",07/01/85,"British"
2,,"HEI","Nick","Heidfeld",10/05/77,"German"
3,6,"ROS","Nico","Rosberg",27/06/85,"German"
4,14,"ALO","Fernando","Alonso",29/07/81,"Spanish"
5,,"KOV","Heikki","Kovalainen",19/10/81,"Finnish"
6,,"NAK","Kazuki","Nakajima",11/01/85,"Japanese"
7,,"BOU","Sébastien","Bourdais",28/02/79,"French"
8,7,"RAI","Kimi","Räikkönen",17/10/79,"Finnish"
9,88,"KUB","Robert","Kubica",07/12/84,"Polish"
10,,"GLO","Timo","Glock",18/03/82,"German"
11,,"SAT","Takuma","Sato",28/01/77,"Japanese"
12,,"PIQ","Nelson","Piquet Jr.",25/07/85,"Brazilian"
13,19,"MAS","Felipe","Massa",25/04/81,"Brazilian"
14,,"COU","David","Coulthard",27/03/71,"British"
15,,"TRU","Jarno","Trulli",13/07/74,"Italian"
16,99,"SUT","Adrian","Sutil",11/01/83,"German"
17,,"WEB","Mark","Webber",27/08/76,"Australian"
18,22,"BUT","Jenson","Button",19/01/80,"British"
19,,"DAV","Anthony","Davidson",18/04/79,"British"
20,5,"VET","Sebastian","Vettel",03/07/87,"German"
21,,"FIS","Giancarlo","Fisichella",14/01/73,"Italian"
22,,"BAR","Rubens","Barrichello",23/05/72,"Brazilian"
23,,"SCH","Ralf","Schumacher",30/06/75,"German"
24,,"LIU","Vitantonio","Liuzzi",06/08/80,"Italian"
25,,"WUR","Alexander","Wurz",15/02/74,"Austrian"
26,,"SPE","Scott","Speed",24/01/83,"American"
27,,"ALB","Christijan","Albers",16/04/79,"Dutch"
28,,"WIN","Markus","Winkelhock",13/06/80,"German"
29,,"YAM","Sakon","Yamamoto",09/07/82,"Japanese"
30,,"MSC","Michael","Schumacher",03/01/69,"German"
31,,"MON","Juan","Pablo Montoya",20/09/75,"Colombian"
32,,"KLI","Christian","Klien",07/02/83,"Austrian"
33,,"TMO","Tiago","Monteiro",24/07/76,"Portuguese"
34,,"IDE","Yuji","Ide",21/01/75,"Japanese"
35,,"VIL","Jacques","Villeneuve",09/04/71,"Canadian"
36,,"FMO","Franck","Montagny",05/01/78,"French"
37,,"DLR","Pedro","de la Rosa",24/02/71,"Spanish"
38,,"DOO","Robert","Doornbos",23/09/81,"Dutch"
39,,"KAR","Narain","Karthikeyan",14/01/77,"Indian"
40,,"FRI","Patrick","Friesacher",26/09/80,"Austrian"
41,,"ZON","Ricardo","Zonta",23/03/76,"Brazilian"
42,,"PIZ","Antônio","Pizzonia",11/09/80,"Brazilian"
43,,"","Cristiano","da Matta",19/09/73,"Brazilian"
44,,"","Olivier","Panis",02/09/66,"French"
45,,"","Giorgio","Pantano",04/02/79,"Italian"
46,,"","Gianmaria","Bruni",30/05/81,"Italian"
47,,"","Zsolt","Baumgartner",01/01/81,"Hungarian"
48,,"","Marc","Gené",29/03/74,"Spanish"
49,,"","Heinz-Harald","Frentzen",18/05/67,"German"
50,,"","Jos","Verstappen",04/03/72,"Dutch"
51,,"","Justin","Wilson",31/07/78,"British"
52,,"","Ralph","Firman",20/05/75,"Irish"
53,,"","Nicolas","Kiesa",03/03/78,"Danish"
54,,"","Luciano","Burti",05/03/75,"Brazilian"
55,,"","Jean","Alesi",11/06/64,"French"
56,,"","Eddie","Irvine",10/11/65,"British"
57,,"","Mika","Häkkinen",28/09/68,"Finnish"
58,,"","Tarso","Marques",19/01/76,"Brazilian"
59,,"","Enrique","Bernoldi",19/10/78,"Brazilian"
60,,"","Gastón","Mazzacane",08/05/75,"Argentine"
61,,"","Tomáš","Enge",11/09/76,"Czech"
62,,"","Alex","Yoong",20/07/76,"Malaysian"
63,,"","Mika","Salo",30/11/66,"Finnish"
64,,"","Pedro","Diniz",22/05/70,"Brazilian"
65,,"","Johnny","Herbert",25/06/64,"British"
66,,"","Allan","McNish",29/12/69,"British"
67,,"BUE","Sébastien","Buemi",31/10/88,"Swiss"
68,,"","Toranosuke","Takagi",12/02/74,"Japanese"
69,,"BAD","Luca","Badoer",25/01/71,"Italian"
70,,"","Alessandro","Zanardi",23/10/66,"Italian"
71,,"","Damon","Hill",17/09/60,"British"
72,,"","Stéphane","Sarrazin",02/11/75,"French"
73,,"","Ricardo","Rosset",27/07/68,"Brazilian"
74,,"","Esteban","Tuero",22/04/78,"Argentine"
75,,"","Shinji","Nakano",01/04/71,"Japanese"
76,,"MAG","Jan","Magnussen",04/07/73,"Danish"
77,,"","Gerhard","Berger",27/08/59,"Austrian"
78,,"","Nicola","Larini",19/03/64,"Italian"
79,,"","Ukyo","Katayama",29/05/63,"Japanese"
80,,"","Vincenzo","Sospiri",07/10/66,"Italian"
81,,"","Gianni","Morbidelli",13/01/68,"Italian"
82,,"","Norberto","Fontana",20/01/75,"Argentine"
83,,"","Pedro","Lamy",20/03/72,"Portuguese"
134,,"","Enrico","Bertaggia",19/09/64,"Italian"
135,,"","Perry","McCarthy",03/03/61,"British"
136,,"","Jan","Lammers",02/06/56,"Dutch"
137,,"","Nelson","Piquet",17/08/52,"Brazilian"
704,,"","Yves","Cabantous",08/10/04,"French"
705,,"","Tony","Crook",16/02/20,"British"
706,,"","Jimmy","Stewart",06/03/31,"British"
707,,"","Ian","Stewart",15/07/29,"British"
708,,"","Duncan","Hamilton",30/04/20,"British"
709,,"","Ernst","Klodwig",23/05/03,"East German"
710,,"","Rudolf","Krause",30/03/07,"East German"
711,,"","Oswald","Karch",06/03/17,"German"
712,,"","Willi","Heeks",13/02/22,"German"
713,,"","Theo","Fitzau",10/02/23,"East German"
714,,"","Kurt","Adolff",05/11/21,"German"
715,,"","Günther","Bechem",21/12/21,"German"
716,,"","Erwin","Bauer",17/07/12,"German"
717,,"","Hans","von Stuck",27/12/00,"German"
718,,"","Ernst","Loof",04/07/07,"German"
719,,"","Albert","Scherrer",28/02/08,"Swiss"
720,,"","Max","de Terra",06/10/18,"Swiss"
721,,"","Peter","Hirt",30/03/10,"Swiss"
722,,"","Piero","Carini",06/03/21,"Italian"
723,,"","Rudi","Fischer",19/04/12,"Swiss"
724,,"","Toni","Ulmen",25/01/06,"German"
725,,"","George","Abecassis",21/03/13,"British"
726,,"","George","Connor",16/08/06,"American"
727,,"","Jim","Rigsby",06/06/23,"American"
728,,"","Joe","James",23/05/25,"American"
729,,"","Bill","Schindler",06/03/09,"American"
730,,"","George","Fonder",22/06/17,"American"
731,,"","Henry","Banks",14/06/13,"American"
732,,"","Johnny","McDowell",29/01/15,"American"
733,,"","Chet","Miller",19/07/02,"American"
734,,"","Bobby","Ball",26/08/25,"American"
735,,"","Charles","de Tornaco",07/06/27,"Belgian"
736,,"","Roger","Laurent",21/02/13,"Belgian"
737,,"","Robert","OBrien",11/04/08,"American"
738,,"","Tony","Gaze",03/02/20,"Australian"
739,,"","Robin","Montgomerie-Charrington",23/06/15,"British"
740,,"","Franco","Comotti",24/07/06,"Italian"
741,,"","Philippe","Étancelin",28/12/96,"French"
742,,"","Dennis","Poore",19/08/16,"British"
743,,"","Eric","Thompson",04/11/19,"British"
744,,"","Ken","Downing",05/12/17,"British"
745,,"","Graham","Whitehead",15/04/22,"British"
746,,"","Gino","Bianco",22/07/16,"Brazilian"
747,,"","David","Murray",28/12/09,"British"
748,,"","Eitel","Cantoni",04/10/06,"Uruguayan"
749,,"","Bill","Aston",29/03/00,"British"
750,,"","Adolf","Brudes",15/10/99,"German"
751,,"","Fritz","Riess",11/07/22,"German"
752,,"","Helmut","Niedermayr",29/11/15,"German"
753,,"","Hans","Klenk",28/10/19,"German"
754,,"","Marcel","Balsa",01/01/09,"French"
755,,"","Rudolf","Schoeller",27/04/02,"Swiss"
756,,"","Paul","Pietsch",20/06/11,"German"
757,,"","Josef","Peters",16/09/14,"German"
758,,"","Dries","van der Lof",23/08/19,"Dutch"
759,,"","Jan","Flinterman",02/10/19,"Dutch"
760,,"","Piero","Dusio",13/10/99,"Italian"
761,,"","Alberto","Crespo",16/01/20,"Argentine"
762,,"","Franco","Rol",05/06/08,"Italian"
763,,"","Consalvo","Sanesi",28/03/11,"Italian"
764,,"","Guy","Mairesse",10/08/10,"French"
765,,"","Henri","Louveau",25/01/10,"French"
766,,"","Lee","Wallard",07/09/10,"American"
767,,"","Carl","Forberg",04/03/11,"American"
768,,"","Mauri","Rose",26/05/06,"American"
769,,"","Bill","Mackey",15/12/27,"American"
770,,"","Cecil","Green",30/09/19,"American"
771,,"","Walt","Brown",30/12/11,"American"
772,,"","Mack","Hellings",14/09/15,"American"
773,,"","Pierre","Levegh",22/12/05,"French"
774,,"","Eugène","Chaboud",12/04/07,"French"
775,,"","Aldo","Gordini",20/05/21,"French"
776,,"","Joe","Kelly",13/03/13,"Irish"
777,,"","Philip","Fotheringham-Parker",22/09/07,"British"
778,,"","Brian","Shawe Taylor",28/01/15,"British"
779,,"","John","James",10/05/14,"British"
780,,"","Toni","Branca",15/09/16,"Swiss"
781,,"","Ken","Richardson",21/08/11,"British"
782,,"","Juan","Jover",23/11/03,"Spanish"
783,,"","Georges","Grignard",25/07/05,"French"
784,,"","David","Hampshire",29/12/17,"British"
785,,"","Geoff","Crossley",11/05/21,"British"
786,,"","Luigi","Fagioli",09/06/98,"Italian"
787,,"","Cuth","Harrison",06/07/06,"British"
788,,"","Joe","Fry",26/10/15,"British"
789,,"","Eugène","Martin",24/03/15,"French"
790,,"","Leslie","Johnson",22/03/12,"British"
791,,"","Clemente","Biondetti",18/08/98,"Italian"
792,,"","Alfredo","Pián",21/10/12,"Argentine"
793,,"","Raymond","Sommer",31/08/06,"French"
794,,"","Joie","Chitwood",14/04/12,"American"
795,,"","Myron","Fohr",17/06/12,"American"
796,,"","Walt","Ader",15/12/13,"American"
797,,"","Jackie","Holmes",04/09/20,"American"
798,,"","Bayliss","Levrett",14/02/14,"American"
799,,"","Jimmy","Jackson",25/07/10,"American"
800,,"","Nello","Pagani",11/10/11,"Italian"
801,,"","Charles","Pozzi",27/08/09,"French"
802,,"","Dorino","Serafini",22/07/09,"Italian"
803,,"","Bill","Cantrell",31/01/08,"American"
804,,"","Johnny","Mantz",18/09/18,"American"
805,,"","Danny","Kladis",10/02/17,"American"
806,,"","Óscar","González",10/11/23,"Uruguayan"
807,27,"HUL","Nico","Hülkenberg",19/08/87,"German"
808,,"PET","Vitaly","Petrov",08/09/84,"Russian"
810,,"DIG","Lucas","di Grassi",11/08/84,"Brazilian"
811,,"SEN","Bruno","Senna",15/10/83,"Brazilian"
812,,"CHA","Karun","Chandhok",19/01/84,"Indian"
813,13,"MAL","Pastor","Maldonado",09/03/85,"Venezuelan"
814,,"DIR","Paul","di Resta",16/04/86,"British"
815,11,"PER","Sergio","Pérez",26/01/90,"Mexican"
816,,"DAM","Jérôme","dAmbrosio",27/12/85,"Belgian"
817,3,"RIC","Daniel","Ricciardo",01/07/89,"Australian"
818,25,"VER","Jean-Éric","Vergne",25/04/90,"French"
819,,"PIC","Charles","Pic",15/02/90,"French"
820,4,"CHI","Max","Chilton",21/04/91,"British"
821,21,"GUT","Esteban","Gutiérrez",05/08/91,"Mexican"
822,77,"BOT","Valtteri","Bottas",28/08/89,"Finnish"
823,,"VDG","Giedo","van der Garde",25/04/85,"Dutch"
824,17,"BIA","Jules","Bianchi",03/08/89,"French"
825,20,"MAG","Kevin","Magnussen",05/10/92,"Danish"
826,26,"KVY","Daniil","Kvyat",26/04/94,"Russian"
827,45,"LOT","André","Lotterer",19/11/81,"German"
828,9,"ERI","Marcus","Ericsson",02/09/90,"Swedish"
829,28,"STE","Will","Stevens",28/06/91,"British"
830,33,"VER","Max","Verstappen",30/09/97,"Dutch"
831,12,"NAS","Felipe","Nasr",21/08/92,"Brazilian"
832,55,"SAI","Carlos","Sainz",01/09/94,"Spanish"
833,98,"MER","Roberto","Merhi",22/03/91,"Spanish"
834,53,"RSS","Alexander","Rossi",25/09/91,"American"
835,30,"PAL","Jolyon","Palmer",20/01/91,"British"
836,94,"WEH","Pascal","Wehrlein",18/10/94,"German"
837,88,"HAR","Rio","Haryanto",22/01/93,"Indonesian"
838,2,"VAN","Stoffel","Vandoorne",26/03/92,"Belgian"
839,31,"OCO","Esteban","Ocon",17/09/96,"French"
840,18,"STR","Lance","Stroll",29/10/98,"Canadian"
841,99,"GIO","Antonio","Giovinazzi",14/12/93,"Italian"
843,28,"HAR","Brendon","Hartley",10/11/89,"New Zealander"
844,16,"LEC","Charles","Leclerc",16/10/97,"Monegasque"
845,35,"SIR","Sergey","Sirotkin",27/08/95,"Russian"
846,4,"NOR","Lando","Norris",13/11/99,"British"
847,63,"RUS","George","Russell",15/02/98,"British"
848,23,"ALB","Alexander","Albon",23/03/96,"Thai"
849,6,"LAT","Nicholas","Latifi",29/06/95,"Canadian"
850,51,"FIT","Pietro","Fittipaldi",25/06/96,"Brazilian"
851,89,"AIT","Jack","Aitken",23/09/95,"British"
852,22,"TSU","Yuki","Tsunoda",11/05/00,"Japanese"
853,9,"MAZ","Nikita","Mazepin",02/03/99,"Russian"
854,47,"MSC","Mick","Schumacher",22/03/99,"German"
